"","Date","Size","Price","Local_Amount","Currency"
"1","2018-12-15T01:18:23+00:00","9.5",276,276,"USD"
"2","2018-12-11T21:35:22+00:00","9.5",280,280,"USD"
"3","2018-12-10T00:46:28+00:00","9.5",275,275,"USD"
"4","2018-12-05T00:29:49+00:00","9.5",291,291,"USD"
"5","2018-12-02T15:40:30+00:00","9.5",285,285,"USD"
"6","2018-12-01T02:39:45+00:00","9.5",283,283,"USD"
"7","2018-11-26T01:49:32+00:00","9.5",350,350,"USD"
"8","2018-11-26T01:48:35+00:00","9.5",341,341,"USD"
"9","2018-11-26T01:48:11+00:00","9.5",325,325,"USD"
"10","2018-11-26T01:47:47+00:00","9.5",298,298,"USD"
"11","2018-11-25T15:11:03+00:00","9.5",243,243,"USD"
"12","2018-11-25T14:49:16+00:00","9.5",266,266,"USD"
"13","2018-11-25T14:46:21+00:00","9.5",269,269,"USD"
"14","2018-11-25T14:22:23+00:00","9.5",271,271,"USD"
"15","2018-11-25T14:13:42+00:00","9.5",272,272,"USD"
"16","2018-11-21T19:08:36+00:00","9.5",325,325,"USD"
"17","2018-11-18T22:26:36+00:00","9.5",275,275,"USD"
"18","2018-11-16T04:31:29+00:00","9.5",299,299,"USD"
"19","2018-11-16T04:27:09+00:00","9.5",266,266,"USD"
"20","2018-11-15T21:59:37+00:00","9.5",300,300,"USD"
"21","2018-11-09T03:55:52+00:00","9.5",300,300,"USD"
"22","2018-11-06T06:09:02+00:00","9.5",290,290,"USD"
"23","2018-11-05T17:56:35+00:00","9.5",258,258,"USD"
"24","2018-11-04T04:43:48+00:00","9.5",275,275,"USD"
"25","2018-11-03T03:26:39+00:00","9.5",275,275,"USD"
"26","2018-11-02T16:44:38+00:00","9.5",260,260,"USD"
"27","2018-11-02T14:49:22+00:00","9.5",259,259,"USD"
"28","2018-11-01T01:20:45+00:00","9.5",258,258,"USD"
"29","2018-10-31T21:58:43+00:00","9.5",260,260,"USD"
"30","2018-10-28T12:44:15+00:00","9.5",263,263,"USD"
"31","2018-10-25T08:47:57+00:00","9.5",270,270,"USD"
"32","2018-10-25T00:57:18+00:00","9.5",271,271,"USD"
"33","2018-10-20T23:29:45+00:00","9.5",298,298,"USD"
"34","2018-10-15T16:45:01+00:00","9.5",297,297,"USD"
"35","2018-10-14T16:21:37+00:00","9.5",299,299,"USD"
"36","2018-10-13T20:56:50+00:00","9.5",278,278,"USD"
"37","2018-10-11T23:19:46+00:00","9.5",279,279,"USD"
"38","2018-10-11T19:02:51+00:00","9.5",295,295,"USD"
"39","2018-10-09T19:29:54+00:00","9.5",280,280,"USD"
"40","2018-10-07T19:33:23+00:00","9.5",285,285,"USD"
"41","2018-10-05T04:10:50+00:00","9.5",280,280,"USD"
"42","2018-10-02T12:05:08+00:00","9.5",281,281,"USD"
"43","2018-09-29T14:54:25+00:00","9.5",300,300,"USD"
"44","2018-09-23T23:32:11+00:00","9.5",284,284,"USD"
"45","2018-09-23T00:42:45+00:00","9.5",284,284,"USD"
"46","2018-09-17T04:22:58+00:00","9.5",285,285,"USD"
"47","2018-09-11T22:52:45+00:00","9.5",275,275,"USD"
"48","2018-09-08T20:24:25+00:00","9.5",243,243,"USD"
"49","2018-09-02T00:41:08+00:00","9.5",260,260,"USD"
"50","2018-08-31T12:31:48+00:00","9.5",280,280,"USD"
"51","2018-08-29T03:14:55+00:00","9.5",290,290,"USD"
"52","2018-08-24T15:22:20+00:00","9.5",269,269,"USD"
"53","2018-08-23T01:32:37+00:00","9.5",260,260,"USD"
"54","2018-08-21T19:58:24+00:00","9.5",260,260,"USD"
"55","2018-08-20T16:42:45+00:00","9.5",203,203,"USD"
"56","2018-08-19T22:48:32+00:00","9.5",247,247,"USD"
"57","2018-08-19T04:14:51+00:00","9.5",260,260,"USD"
"58","2018-08-08T06:58:58+00:00","9.5",250,250,"USD"
"59","2018-08-06T12:33:00+00:00","9.5",280,280,"USD"
"60","2018-08-04T02:31:21+00:00","9.5",275,275,"USD"
"61","2018-07-31T01:29:45+00:00","9.5",270,270,"USD"
"62","2018-07-28T16:29:37+00:00","9.5",255,255,"USD"
"63","2018-07-19T19:42:52+00:00","9.5",297,297,"USD"
"64","2018-07-19T04:10:36+00:00","9.5",295,295,"USD"
"65","2018-07-18T02:33:00+00:00","9.5",275,275,"USD"
"66","2018-07-07T08:56:52+00:00","9.5",275,275,"USD"
"67","2018-07-07T02:08:35+00:00","9.5",270,270,"USD"
"68","2018-06-28T10:22:14+00:00","9.5",216,216,"USD"
"69","2018-06-28T01:18:14+00:00","9.5",250,250,"USD"
"70","2018-06-26T03:34:22+00:00","9.5",250,250,"USD"
"71","2018-06-25T16:49:26+00:00","9.5",217,217,"USD"
"72","2018-06-19T20:47:35+00:00","9.5",240,240,"USD"
"73","2018-06-19T20:19:14+00:00","9.5",236,236,"USD"
"74","2018-06-11T17:29:10+00:00","9.5",270,270,"USD"
"75","2018-06-07T15:10:00+00:00","9.5",265,265,"USD"
"76","2018-06-06T01:43:20+00:00","9.5",258,258,"USD"
"77","2018-06-05T18:20:53+00:00","9.5",250,250,"USD"
"78","2018-06-05T01:04:38+00:00","9.5",245,245,"USD"
"79","2018-06-02T04:25:48+00:00","9.5",245,245,"USD"
"80","2018-05-30T03:33:38+00:00","9.5",260,260,"USD"
"81","2018-05-30T03:33:24+00:00","9.5",260,260,"USD"
"82","2018-05-30T03:33:10+00:00","9.5",250,250,"USD"
"83","2018-05-29T04:51:43+00:00","9.5",235,235,"USD"
"84","2018-05-27T00:39:20+00:00","9.5",265,265,"USD"
"85","2018-05-26T22:36:28+00:00","9.5",200,200,"USD"
"86","2018-05-26T21:41:14+00:00","9.5",225,225,"USD"
"87","2018-05-26T21:28:57+00:00","9.5",227,227,"USD"
"88","2018-05-26T20:30:55+00:00","9.5",251,251,"USD"
"89","2018-05-26T20:27:25+00:00","9.5",252,252,"USD"
"90","2018-05-23T19:33:41+00:00","9.5",265,265,"USD"
"91","2018-05-23T02:42:48+00:00","9.5",252,252,"USD"
"92","2018-05-18T02:31:30+00:00","9.5",270,270,"USD"
"93","2018-05-17T22:31:46+00:00","9.5",270,270,"USD"
"94","2018-05-15T05:30:38+00:00","9.5",228,228,"USD"
"95","2018-05-14T21:44:14+00:00","9.5",255,255,"USD"
"96","2018-05-13T22:49:28+00:00","9.5",245,245,"USD"
"97","2018-05-10T11:46:45+00:00","9.5",235,235,"USD"
"98","2018-05-09T03:52:31+00:00","9.5",240,240,"USD"
"99","2018-05-09T01:51:38+00:00","9.5",244,244,"USD"
"100","2018-05-08T23:56:36+00:00","9.5",247,247,"USD"
"101","2018-05-03T03:18:17+00:00","9.5",250,250,"USD"
"102","2018-05-02T00:35:03+00:00","9.5",280,280,"USD"
"103","2018-05-02T00:33:13+00:00","9.5",270,270,"USD"
"104","2018-05-01T14:59:16+00:00","9.5",240,240,"USD"
"105","2018-04-30T12:51:55+00:00","9.5",240,240,"USD"
"106","2018-04-26T03:17:23+00:00","9.5",250,250,"USD"
"107","2018-04-25T00:59:36+00:00","9.5",256,256,"USD"
"108","2018-04-19T05:38:53+00:00","9.5",257,257,"USD"
"109","2018-04-17T22:32:43+00:00","9.5",270,270,"USD"
"110","2018-04-09T16:50:30+00:00","9.5",275,275,"USD"
"111","2018-04-03T18:12:43+00:00","9.5",280,280,"USD"
"112","2018-04-02T20:19:25+00:00","9.5",274,274,"USD"
"113","2018-03-30T18:43:52+00:00","9.5",288,288,"USD"
"114","2018-03-27T07:13:11+00:00","9.5",255,255,"USD"
"115","2018-03-26T01:04:31+00:00","9.5",265,265,"USD"
"116","2018-03-24T20:12:09+00:00","9.5",255,255,"USD"
"117","2018-03-22T04:16:54+00:00","9.5",260,260,"USD"
"118","2018-03-19T12:45:42+00:00","9.5",286,286,"USD"
"119","2018-03-17T18:35:09+00:00","9.5",255,255,"USD"
"120","2018-03-17T18:30:40+00:00","9.5",256,256,"USD"
"121","2018-03-17T18:29:45+00:00","9.5",260,260,"USD"
"122","2018-03-13T15:19:56+00:00","9.5",258,258,"USD"
"123","2018-03-12T19:07:03+00:00","9.5",258,258,"USD"
"124","2018-03-11T16:17:42+00:00","9.5",267,267,"USD"
"125","2018-03-08T18:06:51+00:00","9.5",258,258,"USD"
"126","2018-03-07T23:58:53+00:00","9.5",267,267,"USD"
"127","2018-03-07T02:22:42+00:00","9.5",257,257,"USD"
"128","2018-03-04T17:41:26+00:00","9.5",269,269,"USD"
"129","2018-03-03T08:40:32+00:00","9.5",262,262,"USD"
"130","2018-03-03T00:07:37+00:00","9.5",256,256,"USD"
"131","2018-03-02T11:11:52+00:00","9.5",262,262,"USD"
"132","2018-03-01T16:54:08+00:00","9.5",260,260,"USD"
"133","2018-03-01T03:17:45+00:00","9.5",264,264,"USD"
"134","2018-02-28T13:36:23+00:00","9.5",253,253,"USD"
"135","2018-02-26T18:01:23+00:00","9.5",250,250,"USD"
"136","2018-02-26T03:49:19+00:00","9.5",259,259,"USD"
"137","2018-02-26T02:47:23+00:00","9.5",255,255,"USD"
"138","2018-02-24T16:29:07+00:00","9.5",249,249,"USD"
"139","2018-02-20T19:01:57+00:00","9.5",250,250,"USD"
"140","2018-02-20T04:43:00+00:00","9.5",252,252,"USD"
"141","2018-02-19T23:34:42+00:00","9.5",255,255,"USD"
"142","2018-02-16T21:43:57+00:00","9.5",259,259,"USD"
"143","2018-02-16T03:38:25+00:00","9.5",259,259,"USD"
"144","2018-02-14T15:54:43+00:00","9.5",260,260,"USD"
"145","2018-02-11T18:46:37+00:00","9.5",270,270,"USD"
"146","2018-02-07T18:32:39+00:00","9.5",247,247,"USD"
"147","2018-02-05T21:23:31+00:00","9.5",248,248,"USD"
"148","2018-02-03T22:41:43+00:00","9.5",255,255,"USD"
"149","2018-01-28T22:56:36+00:00","9.5",254,254,"USD"
"150","2018-01-27T04:13:50+00:00","9.5",260,260,"USD"
"151","2018-01-27T00:27:05+00:00","9.5",345,345,"USD"
"152","2018-01-25T02:16:23+00:00","9.5",345,345,"USD"
"153","2018-01-22T03:55:36+00:00","9.5",345,345,"USD"
"154","2018-01-17T13:00:54+00:00","9.5",345,345,"USD"
"155","2018-01-16T00:48:52+00:00","9.5",249,249,"USD"
"156","2018-01-14T16:47:01+00:00","9.5",285,285,"USD"
"157","2018-01-14T16:00:12+00:00","9.5",345,345,"USD"
"158","2018-01-14T05:14:38+00:00","9.5",255,255,"USD"
"159","2018-01-12T16:10:44+00:00","9.5",250,250,"USD"
"160","2018-01-11T07:24:00+00:00","9.5",250,250,"USD"
"161","2018-01-08T22:53:09+00:00","9.5",330,330,"USD"
"162","2018-01-06T18:23:02+00:00","9.5",330,330,"USD"
"163","2018-01-06T09:09:53+00:00","9.5",300,300,"USD"
"164","2018-01-05T12:33:32+00:00","9.5",251,251,"USD"
"165","2018-01-03T18:50:50+00:00","9.5",251,251,"USD"
"166","2018-01-02T18:41:15+00:00","9.5",252,252,"USD"
"167","2018-01-02T15:22:09+00:00","9.5",252,252,"USD"
"168","2017-12-30T01:48:47+00:00","9.5",300,300,"USD"
"169","2017-12-23T03:41:16+00:00","9.5",344,344,"USD"
"170","2017-12-22T01:30:28+00:00","9.5",251,251,"USD"
"171","2017-12-20T16:02:19+00:00","9.5",345,345,"USD"
"172","2017-12-19T20:56:33+00:00","9.5",345,345,"USD"
"173","2017-12-19T03:05:51+00:00","9.5",345,345,"USD"
"174","2017-12-18T21:54:54+00:00","9.5",345,345,"USD"
"175","2017-12-18T00:47:40+00:00","9.5",300,300,"USD"
"176","2017-12-17T17:31:13+00:00","9.5",270,270,"USD"
"177","2017-12-16T13:09:34+00:00","9.5",270,270,"USD"
"178","2017-12-16T11:00:10+00:00","9.5",270,270,"USD"
"179","2017-12-15T20:18:24+00:00","9.5",270,270,"USD"
"180","2017-12-14T22:19:19+00:00","9.5",260,260,"USD"
"181","2017-12-14T18:05:27+00:00","9.5",270,270,"USD"
"182","2017-12-14T17:47:28+00:00","9.5",270,270,"USD"
"183","2017-12-14T16:16:42+00:00","9.5",238,238,"USD"
"184","2017-12-13T04:01:41+00:00","9.5",270,270,"USD"
"185","2017-12-12T17:52:53+00:00","9.5",250,250,"USD"
"186","2017-12-12T16:08:19+00:00","9.5",255,255,"USD"
"187","2017-12-12T01:47:40+00:00","9.5",345,345,"USD"
"188","2017-12-11T01:30:11+00:00","9.5",240,240,"USD"
"189","2017-12-11T00:21:23+00:00","9.5",236,236,"USD"
"190","2017-12-09T13:49:37+00:00","9.5",270,270,"USD"
"191","2017-12-09T09:15:55+00:00","9.5",270,270,"USD"
"192","2017-12-08T07:37:46+00:00","9.5",250,250,"USD"
"193","2017-12-07T19:15:25+00:00","9.5",270,270,"USD"
"194","2017-12-07T06:14:28+00:00","9.5",270,270,"USD"
"195","2017-12-07T06:00:20+00:00","9.5",270,270,"USD"
"196","2017-12-05T14:36:01+00:00","9.5",270,270,"USD"
"197","2017-12-04T17:58:17+00:00","9.5",228,228,"USD"
"198","2017-12-04T09:12:01+00:00","9.5",270,270,"USD"
"199","2017-12-04T09:07:09+00:00","9.5",270,270,"USD"
"200","2017-12-02T21:03:56+00:00","9.5",270,270,"USD"
"201","2017-12-02T20:54:43+00:00","9.5",249,249,"USD"
"202","2017-12-02T15:50:28+00:00","9.5",270,270,"USD"
"203","2017-12-02T09:06:50+00:00","9.5",270,270,"USD"
"204","2017-12-01T23:20:04+00:00","9.5",270,270,"USD"
"205","2017-12-01T11:54:38+00:00","9.5",270,270,"USD"
"206","2017-12-01T10:09:00+00:00","9.5",270,270,"USD"
"207","2017-11-30T21:49:38+00:00","9.5",270,270,"USD"
"208","2017-11-29T02:08:57+00:00","9.5",230,230,"USD"
"209","2017-11-27T04:22:27+00:00","9.5",270,270,"USD"
"210","2017-11-27T03:16:11+00:00","9.5",270,270,"USD"
"211","2017-11-26T05:33:40+00:00","9.5",270,270,"USD"
"212","2017-11-25T15:44:52+00:00","9.5",270,270,"USD"
"213","2017-11-24T17:58:52+00:00","9.5",270,270,"USD"
"214","2017-11-24T08:31:04+00:00","9.5",270,270,"USD"
"215","2017-11-22T21:05:58+00:00","9.5",242,242,"USD"
"216","2017-11-22T15:44:33+00:00","9.5",230,230,"USD"
"217","2017-11-22T13:09:16+00:00","9.5",242,242,"USD"
"218","2017-11-22T12:23:25+00:00","9.5",238,238,"USD"
"219","2017-11-22T03:12:26+00:00","9.5",242,242,"USD"
"220","2017-11-21T21:54:51+00:00","9.5",275,275,"USD"
"221","2017-11-21T20:12:29+00:00","9.5",275,275,"USD"
"222","2017-11-20T16:40:51+00:00","9.5",230,230,"USD"
"223","2017-11-20T14:48:18+00:00","9.5",275,275,"USD"
"224","2017-11-19T07:25:53+00:00","9.5",275,275,"USD"
"225","2017-11-17T09:54:29+00:00","9.5",275,275,"USD"
"226","2017-11-16T06:31:03+00:00","9.5",219,219,"USD"
"227","2017-11-16T03:46:40+00:00","9.5",232,232,"USD"
"228","2017-11-16T03:26:50+00:00","9.5",228,228,"USD"
"229","2017-11-15T14:56:19+00:00","9.5",230,230,"USD"
"230","2017-11-14T03:13:02+00:00","9.5",220,220,"USD"
"231","2017-11-13T13:40:11+00:00","9.5",270,270,"USD"
"232","2017-11-13T13:03:42+00:00","9.5",275,275,"USD"
"233","2017-11-12T12:41:02+00:00","9.5",212,212,"USD"
"234","2017-11-12T02:48:34+00:00","9.5",229,229,"USD"
"235","2017-11-11T16:28:17+00:00","9.5",270,270,"USD"
"236","2017-11-10T17:33:49+00:00","9.5",275,275,"USD"
"237","2017-11-08T14:00:01+00:00","9.5",270,270,"USD"
"238","2017-11-08T03:28:26+00:00","9.5",215,215,"USD"
"239","2017-11-07T03:57:53+00:00","9.5",202,202,"USD"
"240","2017-11-06T23:58:07+00:00","9.5",270,270,"USD"
"241","2017-11-06T17:22:36+00:00","9.5",207,207,"USD"
"242","2017-10-31T18:17:35+00:00","9.5",275,275,"USD"
"243","2017-10-30T21:45:57+00:00","9.5",205,205,"USD"
"244","2017-10-30T01:51:56+00:00","9.5",275,275,"USD"
"245","2017-10-29T23:52:43+00:00","9.5",265,265,"USD"
"246","2017-10-29T02:15:16+00:00","9.5",220,220,"USD"
"247","2017-10-28T12:22:45+00:00","9.5",215,215,"USD"
"248","2017-10-28T12:12:02+00:00","9.5",210,210,"USD"
"249","2017-10-28T12:04:22+00:00","9.5",208,208,"USD"
"250","2017-10-27T05:29:18+00:00","9.5",250,250,"USD"
"251","2017-10-23T18:36:59+00:00","9.5",275,275,"USD"
"252","2017-10-23T12:13:24+00:00","9.5",265,265,"USD"
"253","2017-10-18T01:26:12+00:00","9.5",209,209,"USD"
"254","2017-10-18T01:25:50+00:00","9.5",210,210,"USD"
"255","2017-10-18T00:04:41+00:00","9.5",250,250,"USD"
"256","2017-10-17T05:13:33+00:00","9.5",250,250,"USD"
"257","2017-10-16T22:01:34+00:00","9.5",229,229,"USD"
"258","2017-10-16T20:04:42+00:00","9.5",210,210,"USD"
"259","2017-10-15T21:22:28+00:00","9.5",260,260,"USD"
"260","2017-10-15T13:04:22+00:00","9.5",250,250,"USD"
"261","2017-10-13T21:04:37+00:00","9.5",210,210,"USD"
"262","2017-10-12T07:47:07+00:00","9.5",298,298,"USD"
"263","2017-10-04T19:50:57+00:00","9.5",224,224,"USD"
"264","2017-10-04T15:56:59+00:00","9.5",275,275,"USD"
"265","2017-10-04T13:05:14+00:00","9.5",275,275,"USD"
"266","2017-09-29T15:18:46+00:00","9.5",275,275,"USD"
"267","2017-09-29T07:26:27+00:00","9.5",205,205,"USD"
"268","2017-09-25T16:38:01+00:00","9.5",275,275,"USD"
"269","2017-09-16T08:53:26+00:00","9.5",275,275,"USD"
"270","2017-09-13T17:06:34+00:00","9.5",161,161,"USD"
"271","2017-09-09T23:30:49+00:00","9.5",275,275,"USD"
"272","2017-09-08T13:47:37+00:00","9.5",250,250,"USD"
"273","2017-09-07T13:34:32+00:00","9.5",250,250,"USD"
"274","2017-09-06T21:52:33+00:00","9.5",180,180,"USD"
"275","2017-09-06T17:09:42+00:00","9.5",318,318,"USD"
"276","2017-09-04T06:12:05+00:00","9.5",250,250,"USD"
"277","2017-09-04T05:40:20+00:00","9.5",225,225,"USD"
"278","2017-09-03T22:30:53+00:00","9.5",220,220,"USD"
"279","2017-09-02T21:44:45+00:00","9.5",250,250,"USD"
"280","2017-09-02T20:13:50+00:00","9.5",180,180,"USD"
"281","2017-09-01T19:31:33+00:00","9.5",166,166,"USD"
"282","2017-08-29T08:10:02+00:00","9.5",275,275,"USD"
"283","2017-08-28T15:20:32+00:00","9.5",275,275,"USD"
"284","2017-08-26T08:39:57+00:00","9.5",170,170,"USD"
"285","2017-08-25T15:42:10+00:00","9.5",225,225,"USD"
"286","2017-08-25T14:21:18+00:00","9.5",275,275,"USD"
"287","2017-08-25T00:33:39+00:00","9.5",318,318,"USD"
"288","2017-08-23T02:27:59+00:00","9.5",210,210,"USD"
"289","2017-08-23T00:14:53+00:00","9.5",209,209,"USD"
"290","2017-08-22T16:43:03+00:00","9.5",150,150,"USD"
"291","2017-08-22T16:40:13+00:00","9.5",165,165,"USD"
"292","2017-08-21T05:45:54+00:00","9.5",214,214,"USD"
"293","2017-08-19T21:56:14+00:00","9.5",250,250,"USD"
"294","2017-08-19T15:42:22+00:00","9.5",250,250,"USD"
"295","2017-08-19T15:02:36+00:00","9.5",250,250,"USD"
"296","2017-08-18T23:27:20+00:00","9.5",250,250,"USD"
"297","2017-08-18T08:03:15+00:00","9.5",250,250,"USD"
"298","2017-08-17T15:37:46+00:00","9.5",250,250,"USD"
"299","2017-08-16T22:01:11+00:00","9.5",225,225,"USD"
"300","2017-08-14T20:33:09+00:00","9.5",250,250,"USD"
"301","2017-08-14T14:38:50+00:00","9.5",250,250,"USD"
"302","2017-08-13T15:09:35+00:00","9.5",250,250,"USD"
"303","2017-08-13T07:02:09+00:00","9.5",250,250,"USD"
"304","2017-08-12T22:09:23+00:00","9.5",190,190,"USD"
"305","2017-08-12T16:01:41+00:00","9.5",250,250,"USD"
"306","2017-08-12T00:43:48+00:00","9.5",250,250,"USD"
"307","2017-08-09T23:12:13+00:00","9.5",250,250,"USD"
"308","2017-08-09T15:53:49+00:00","9.5",250,250,"USD"
"309","2017-08-09T15:28:04+00:00","9.5",250,250,"USD"
"310","2017-08-09T14:29:50+00:00","9.5",250,250,"USD"
"311","2017-08-09T12:08:49+00:00","9.5",250,250,"USD"
"312","2017-08-09T06:24:29+00:00","9.5",250,250,"USD"
"313","2017-08-09T05:18:29+00:00","9.5",250,250,"USD"
"314","2017-08-08T11:32:50+00:00","9.5",210,210,"USD"
"315","2017-08-07T19:41:11+00:00","9.5",200,200,"USD"
"316","2017-08-07T08:04:25+00:00","9.5",250,250,"USD"
"317","2017-08-06T20:00:27+00:00","9.5",200,200,"USD"
"318","2017-08-06T08:01:47+00:00","9.5",250,250,"USD"
"319","2017-08-05T22:52:01+00:00","9.5",199,199,"USD"
"320","2017-08-05T20:41:34+00:00","9.5",175,175,"USD"
"321","2017-08-05T16:38:10+00:00","9.5",250,250,"USD"
"322","2017-08-04T07:02:27+00:00","9.5",262,262,"USD"
"323","2017-08-03T23:10:09+00:00","9.5",250,250,"USD"
"324","2017-08-03T23:08:11+00:00","9.5",181,181,"USD"
"325","2017-08-03T14:27:51+00:00","9.5",225,225,"USD"
"326","2017-08-02T01:07:47+00:00","9.5",250,250,"USD"
"327","2017-08-01T05:30:34+00:00","9.5",175,175,"USD"
"328","2017-07-31T16:05:18+00:00","9.5",250,250,"USD"
"329","2017-07-31T12:33:26+00:00","9.5",250,250,"USD"
"330","2017-07-31T05:47:48+00:00","9.5",183,183,"USD"
"331","2017-07-30T15:17:58+00:00","9.5",185,185,"USD"
"332","2017-07-27T22:46:43+00:00","9.5",225,225,"USD"
"333","2017-07-26T15:04:32+00:00","9.5",257,257,"USD"
"334","2017-07-26T15:00:54+00:00","9.5",250,250,"USD"
"335","2017-07-26T12:52:40+00:00","9.5",250,250,"USD"
"336","2017-07-26T06:12:34+00:00","9.5",262,262,"USD"
"337","2017-07-21T02:13:57+00:00","9.5",267,267,"USD"
"338","2017-07-21T01:33:09+00:00","9.5",250,250,"USD"
"339","2017-07-20T22:59:39+00:00","9.5",225,225,"USD"
"340","2017-07-20T19:49:22+00:00","9.5",250,250,"USD"
"341","2017-07-20T08:50:14+00:00","9.5",250,250,"USD"
"342","2017-07-19T19:29:14+00:00","9.5",250,250,"USD"
"343","2017-07-19T12:01:22+00:00","9.5",250,250,"USD"
"344","2017-07-18T20:12:10+00:00","9.5",250,250,"USD"
"345","2017-07-18T11:44:33+00:00","9.5",250,250,"USD"
"346","2017-07-18T11:34:36+00:00","9.5",250,250,"USD"
"347","2017-07-18T11:14:46+00:00","9.5",250,250,"USD"
"348","2017-07-18T10:11:48+00:00","9.5",250,250,"USD"
"349","2017-07-18T09:59:03+00:00","9.5",250,250,"USD"
"350","2017-07-18T09:55:39+00:00","9.5",250,250,"USD"
"351","2017-07-18T09:40:13+00:00","9.5",250,250,"USD"
"352","2017-07-18T09:38:41+00:00","9.5",250,250,"USD"
"353","2017-07-18T08:09:00+00:00","9.5",250,250,"USD"
"354","2017-07-15T23:18:35+00:00","9.5",250,250,"USD"
"355","2017-07-15T17:46:09+00:00","9.5",195,195,"USD"
"356","2017-07-15T15:12:52+00:00","9.5",250,250,"USD"
"357","2017-07-14T17:47:18+00:00","9.5",175,175,"USD"
"358","2017-07-14T00:44:05+00:00","9.5",250,250,"USD"
"359","2017-07-13T22:48:55+00:00","9.5",250,250,"USD"
"360","2017-07-13T08:24:08+00:00","9.5",160,160,"USD"
"361","2017-07-11T15:42:35+00:00","9.5",250,250,"USD"
"362","2017-07-11T12:41:22+00:00","9.5",250,250,"USD"
"363","2017-07-11T07:12:39+00:00","9.5",250,250,"USD"
"364","2017-07-09T10:33:26+00:00","9.5",152,152,"USD"
"365","2017-07-06T23:11:47+00:00","9.5",195,195,"USD"
"366","2017-07-06T13:04:53+00:00","9.5",250,250,"USD"
"367","2017-07-05T13:06:08+00:00","9.5",194,194,"USD"
"368","2017-07-04T16:14:48+00:00","9.5",250,250,"USD"
"369","2017-07-03T11:58:46+00:00","9.5",160,160,"USD"
"370","2017-07-02T15:03:19+00:00","9.5",250,250,"USD"
"371","2017-07-02T13:10:43+00:00","9.5",250,250,"USD"
"372","2017-07-01T14:35:17+00:00","9.5",225,225,"USD"
"373","2017-06-29T18:43:07+00:00","9.5",150,150,"USD"
"374","2017-06-28T17:33:57+00:00","9.5",194,194,"USD"
"375","2017-06-28T13:08:54+00:00","9.5",250,250,"USD"
"376","2017-06-28T07:26:37+00:00","9.5",250,250,"USD"
"377","2017-06-28T05:03:23+00:00","9.5",161,161,"USD"
"378","2017-06-26T05:24:34+00:00","9.5",318,318,"USD"
"379","2017-06-23T18:30:44+00:00","9.5",162,162,"USD"
"380","2017-06-23T14:29:56+00:00","9.5",250,250,"USD"
"381","2017-06-22T15:58:43+00:00","9.5",250,250,"USD"
"382","2017-06-22T14:27:32+00:00","9.5",250,250,"USD"
"383","2017-06-22T13:32:14+00:00","9.5",250,250,"USD"
"384","2017-06-20T16:39:36+00:00","9.5",275,275,"USD"
"385","2017-06-20T16:39:06+00:00","9.5",275,275,"USD"
"386","2017-06-20T16:27:56+00:00","9.5",275,275,"USD"
"387","2017-06-20T16:17:26+00:00","9.5",275,275,"USD"
"388","2017-06-20T14:54:34+00:00","9.5",275,275,"USD"
"389","2017-06-19T15:01:20+00:00","9.5",250,250,"USD"
"390","2017-06-19T13:50:55+00:00","9.5",250,250,"USD"
"391","2017-06-19T13:40:34+00:00","9.5",250,250,"USD"
"392","2017-06-19T13:03:49+00:00","9.5",250,250,"USD"
"393","2017-06-18T13:40:03+00:00","9.5",250,250,"USD"
"394","2017-06-18T07:32:47+00:00","9.5",225,225,"USD"
"395","2017-06-16T23:35:13+00:00","9.5",250,250,"USD"
"396","2017-06-16T23:15:09+00:00","9.5",250,250,"USD"
"397","2017-06-16T16:14:45+00:00","9.5",250,250,"USD"
"398","2017-06-16T15:41:32+00:00","9.5",250,250,"USD"
"399","2017-06-16T15:23:27+00:00","9.5",250,250,"USD"
"400","2017-06-16T15:22:01+00:00","9.5",250,250,"USD"
"401","2017-06-16T14:38:36+00:00","9.5",184,184,"USD"
"402","2017-06-16T14:31:57+00:00","9.5",250,250,"USD"
"403","2017-06-16T13:20:04+00:00","9.5",250,250,"USD"
"404","2017-06-16T00:54:46+00:00","9.5",175,175,"USD"
"405","2017-06-15T13:41:55+00:00","9.5",250,250,"USD"
"406","2017-06-15T13:35:26+00:00","9.5",250,250,"USD"
"407","2017-06-15T05:22:58+00:00","9.5",225,225,"USD"
"408","2017-06-13T14:04:45+00:00","9.5",275,275,"USD"
"409","2017-06-13T13:13:03+00:00","9.5",275,275,"USD"
"410","2017-06-13T00:06:58+00:00","9.5",185,185,"USD"
"411","2017-06-12T15:05:16+00:00","9.5",275,275,"USD"
"412","2017-06-12T14:35:28+00:00","9.5",275,275,"USD"
"413","2017-06-10T22:40:48+00:00","9.5",250,250,"USD"
"414","2017-06-10T08:06:50+00:00","9.5",250,250,"USD"
"415","2017-06-10T01:14:28+00:00","9.5",313,313,"USD"
"416","2017-06-08T16:04:43+00:00","9.5",250,250,"USD"
"417","2017-06-08T08:27:01+00:00","9.5",250,250,"USD"
"418","2017-06-08T03:05:59+00:00","9.5",185,185,"USD"
"419","2017-06-07T07:03:06+00:00","9.5",250,250,"USD"
"420","2017-06-05T19:30:22+00:00","9.5",160,160,"USD"
"421","2017-06-05T14:05:13+00:00","9.5",250,250,"USD"
"422","2017-06-05T13:40:39+00:00","9.5",250,250,"USD"
"423","2017-06-04T08:28:33+00:00","9.5",308,308,"USD"
"424","2017-06-03T23:06:15+00:00","9.5",215,215,"USD"
"425","2017-06-02T23:09:44+00:00","9.5",250,250,"USD"
"426","2017-06-01T08:01:50+00:00","9.5",250,250,"USD"
"427","2017-05-31T20:23:50+00:00","9.5",166,166,"USD"
"428","2017-05-31T08:11:28+00:00","9.5",275,275,"USD"
"429","2017-05-31T06:24:57+00:00","9.5",275,275,"USD"
"430","2017-05-30T14:48:26+00:00","9.5",250,250,"USD"
"431","2017-05-29T19:50:12+00:00","9.5",210,210,"USD"
"432","2017-05-29T13:52:56+00:00","9.5",264,264,"USD"
"433","2017-05-27T23:30:52+00:00","9.5",190,190,"USD"
"434","2017-05-27T13:43:47+00:00","9.5",250,250,"USD"
"435","2017-05-26T15:29:12+00:00","9.5",250,250,"USD"
"436","2017-05-26T08:09:15+00:00","9.5",275,275,"USD"
"437","2017-05-25T08:33:08+00:00","9.5",190,190,"USD"
"438","2017-05-25T06:34:22+00:00","9.5",275,275,"USD"
"439","2017-05-25T05:40:53+00:00","9.5",275,275,"USD"
"440","2017-05-25T04:33:49+00:00","9.5",275,275,"USD"
"441","2017-05-24T00:45:39+00:00","9.5",170,170,"USD"
"442","2017-05-23T21:59:03+00:00","9.5",250,250,"USD"
"443","2017-05-23T14:11:01+00:00","9.5",250,250,"USD"
"444","2017-05-21T21:46:21+00:00","9.5",250,250,"USD"
"445","2017-05-21T08:43:12+00:00","9.5",180,180,"USD"
"446","2017-05-20T13:39:11+00:00","9.5",250,250,"USD"
"447","2017-05-20T03:36:29+00:00","9.5",194,194,"USD"
"448","2017-05-18T14:37:51+00:00","9.5",275,275,"USD"
"449","2017-05-17T14:14:06+00:00","9.5",275,275,"USD"
"450","2017-05-16T02:33:26+00:00","9.5",199,199,"USD"
"451","2017-05-15T09:08:41+00:00","9.5",180,180,"USD"
"452","2017-05-15T05:28:27+00:00","9.5",275,275,"USD"
"453","2017-05-12T05:21:43+00:00","9.5",275,275,"USD"
"454","2017-05-11T13:55:46+00:00","9.5",275,275,"USD"
"455","2017-05-10T03:23:54+00:00","9.5",185,185,"USD"
"456","2017-05-09T23:44:59+00:00","9.5",275,275,"USD"
"457","2017-05-09T04:40:50+00:00","9.5",275,275,"USD"
"458","2017-05-08T23:04:55+00:00","9.5",250,250,"USD"
"459","2017-05-05T23:34:20+00:00","9.5",275,275,"USD"
"460","2017-05-05T00:05:11+00:00","9.5",250,250,"USD"
"461","2017-05-03T22:15:08+00:00","9.5",275,275,"USD"
"462","2017-05-03T14:39:57+00:00","9.5",275,275,"USD"
"463","2017-05-01T21:23:40+00:00","9.5",250,250,"USD"
"464","2017-04-30T12:45:47+00:00","9.5",275,275,"USD"
"465","2017-04-29T15:29:06+00:00","9.5",250,250,"USD"
"466","2017-04-28T22:09:13+00:00","9.5",205,205,"USD"
"467","2017-04-28T15:53:49+00:00","9.5",275,275,"USD"
"468","2017-04-25T12:27:48+00:00","9.5",250,250,"USD"
"469","2017-04-24T19:40:23+00:00","9.5",200,200,"USD"
"470","2017-04-24T12:56:14+00:00","9.5",250,250,"USD"
"471","2017-04-22T14:32:33+00:00","9.5",190,190,"USD"
"472","2017-04-19T14:35:00+00:00","9.5",250,250,"USD"
"473","2017-04-19T06:09:45+00:00","9.5",250,250,"USD"
"474","2017-04-19T02:26:26+00:00","9.5",200,200,"USD"
"475","2017-04-18T15:42:56+00:00","9.5",293,293,"USD"
"476","2017-04-18T13:59:58+00:00","9.5",250,250,"USD"
"477","2017-04-18T13:27:47+00:00","9.5",250,250,"USD"
"478","2017-04-17T15:45:42+00:00","9.5",250,250,"USD"
"479","2017-04-16T20:52:33+00:00","9.5",250,250,"USD"
"480","2017-04-16T05:28:31+00:00","9.5",175,175,"USD"
"481","2017-04-15T15:35:43+00:00","9.5",250,250,"USD"
"482","2017-04-14T22:06:14+00:00","9.5",250,250,"USD"
"483","2017-04-14T14:19:24+00:00","9.5",250,250,"USD"
"484","2017-04-13T17:01:19+00:00","9.5",180,180,"USD"
"485","2017-04-13T13:21:56+00:00","9.5",250,250,"USD"
"486","2017-04-12T23:13:38+00:00","9.5",250,250,"USD"
"487","2017-04-12T16:39:58+00:00","9.5",287,287,"USD"
"488","2017-04-09T23:56:50+00:00","9.5",250,250,"USD"
"489","2017-04-09T16:56:49+00:00","9.5",277,277,"USD"
"490","2017-04-09T07:41:58+00:00","9.5",267,267,"USD"
"491","2017-04-08T15:58:23+00:00","9.5",250,250,"USD"
"492","2017-04-05T17:26:03+00:00","9.5",250,250,"USD"
"493","2017-04-04T16:57:18+00:00","9.5",250,250,"USD"
"494","2017-04-04T01:50:25+00:00","9.5",250,250,"USD"
"495","2017-04-03T17:06:53+00:00","9.5",250,250,"USD"
"496","2017-04-02T01:31:41+00:00","9.5",176,176,"USD"
"497","2017-03-31T19:03:08+00:00","9.5",225,225,"USD"
"498","2017-03-31T18:31:14+00:00","9.5",225,225,"USD"
"499","2017-03-31T10:05:03+00:00","9.5",250,250,"USD"
"500","2017-03-30T08:41:30+00:00","9.5",250,250,"USD"
"501","2017-03-28T19:09:54+00:00","9.5",190,190,"USD"
"502","2017-03-28T17:39:05+00:00","9.5",250,250,"USD"
"503","2017-03-27T20:03:25+00:00","9.5",250,250,"USD"
"504","2017-03-27T16:42:52+00:00","9.5",250,250,"USD"
"505","2017-03-26T04:18:18+00:00","9.5",267,267,"USD"
"506","2017-03-26T03:11:27+00:00","9.5",190,190,"USD"
"507","2017-03-26T00:10:14+00:00","9.5",160,160,"USD"
"508","2017-03-25T18:39:43+00:00","9.5",175,175,"USD"
"509","2017-03-25T17:59:54+00:00","9.5",175,175,"USD"
"510","2017-03-25T09:49:41+00:00","9.5",250,250,"USD"
"511","2017-03-25T03:53:26+00:00","9.5",185,185,"USD"
"512","2017-03-24T20:22:38+00:00","9.5",185,185,"USD"
"513","2017-03-24T17:46:43+00:00","9.5",250,250,"USD"
"514","2017-03-24T11:30:16+00:00","9.5",250,250,"USD"
"515","2017-03-23T20:07:45+00:00","9.5",225,225,"USD"
"516","2017-03-23T20:05:39+00:00","9.5",250,250,"USD"
"517","2017-03-23T19:10:00+00:00","9.5",225,225,"USD"
"518","2017-03-23T09:03:09+00:00","9.5",225,225,"USD"
"519","2017-03-22T17:19:35+00:00","9.5",225,225,"USD"
"520","2017-03-21T20:23:19+00:00","9.5",225,225,"USD"
"521","2017-03-21T19:26:06+00:00","9.5",267,267,"USD"
"522","2017-03-21T18:53:16+00:00","9.5",225,225,"USD"
"523","2017-03-20T08:47:33+00:00","9.5",198,198,"USD"
"524","2017-03-20T04:34:34+00:00","9.5",220,220,"USD"
"525","2017-03-19T19:04:33+00:00","9.5",250,250,"USD"
"526","2017-03-19T16:49:39+00:00","9.5",250,250,"USD"
"527","2017-03-19T10:35:25+00:00","9.5",250,250,"USD"
"528","2017-03-18T18:59:45+00:00","9.5",185,185,"USD"
"529","2017-03-18T10:26:01+00:00","9.5",225,225,"USD"
"530","2017-03-18T08:47:00+00:00","9.5",225,225,"USD"
"531","2017-03-18T04:23:24+00:00","9.5",242,242,"USD"
"532","2017-03-17T18:16:51+00:00","9.5",225,225,"USD"
"533","2017-03-17T17:36:10+00:00","9.5",182,182,"USD"
"534","2017-03-17T16:45:11+00:00","9.5",186,186,"USD"
"535","2017-03-17T09:55:10+00:00","9.5",225,225,"USD"
"536","2017-03-16T18:22:46+00:00","9.5",252,252,"USD"
"537","2017-03-16T09:31:41+00:00","9.5",225,225,"USD"
"538","2017-03-15T02:04:02+00:00","9.5",225,225,"USD"
"539","2017-03-13T12:38:22+00:00","9.5",197,197,"USD"
"540","2017-03-13T08:52:23+00:00","9.5",225,225,"USD"
"541","2017-03-12T20:01:30+00:00","9.5",185,185,"USD"
"542","2017-03-11T20:37:56+00:00","9.5",225,225,"USD"
"543","2017-03-11T10:12:13+00:00","9.5",225,225,"USD"
"544","2017-03-09T20:25:22+00:00","9.5",225,225,"USD"
"545","2017-03-09T17:29:57+00:00","9.5",225,225,"USD"
"546","2017-03-07T14:20:04+00:00","9.5",225,225,"USD"
"547","2017-03-07T05:44:56+00:00","9.5",225,225,"USD"
"548","2017-03-06T21:58:29+00:00","9.5",225,225,"USD"
"549","2017-03-06T12:16:11+00:00","9.5",190,190,"USD"
"550","2017-03-06T05:11:17+00:00","9.5",257,257,"USD"
"551","2017-03-04T14:27:22+00:00","9.5",250,250,"USD"
"552","2017-03-02T20:48:43+00:00","9.5",225,225,"USD"
"553","2017-03-02T19:59:48+00:00","9.5",225,225,"USD"
"554","2017-03-02T07:54:00+00:00","9.5",247,247,"USD"
"555","2017-03-01T22:42:07+00:00","9.5",180,180,"USD"
"556","2017-03-01T02:49:19+00:00","9.5",225,225,"USD"
"557","2017-03-01T01:28:13+00:00","9.5",176,176,"USD"
"558","2017-02-27T18:44:40+00:00","9.5",225,225,"USD"
"559","2017-02-27T14:33:01+00:00","9.5",225,225,"USD"
"560","2017-02-26T04:45:53+00:00","9.5",150,150,"USD"
"561","2017-02-26T03:45:16+00:00","9.5",161,161,"USD"
"562","2017-02-24T23:11:43+00:00","9.5",250,250,"USD"
"563","2017-02-24T19:06:18+00:00","9.5",250,250,"USD"
"564","2017-02-24T14:46:05+00:00","9.5",225,225,"USD"
"565","2017-02-22T07:01:48+00:00","9.5",257,257,"USD"
"566","2017-02-21T05:05:47+00:00","9.5",250,250,"USD"
"567","2017-02-20T22:17:07+00:00","9.5",250,250,"USD"
"568","2017-02-20T19:50:46+00:00","9.5",188,188,"USD"
"569","2017-02-20T10:05:16+00:00","9.5",250,250,"USD"
"570","2017-02-19T21:37:53+00:00","9.5",225,225,"USD"
"571","2017-02-19T19:31:20+00:00","9.5",225,225,"USD"
"572","2017-02-18T05:06:05+00:00","9.5",200,200,"USD"
"573","2017-02-18T01:21:54+00:00","9.5",186,186,"USD"
"574","2017-02-16T15:26:46+00:00","9.5",225,225,"USD"
"575","2017-02-15T13:20:30+00:00","9.5",190,190,"USD"
"576","2017-02-13T01:39:53+00:00","9.5",250,250,"USD"
"577","2017-02-12T22:44:48+00:00","9.5",257,257,"USD"
"578","2017-02-12T18:25:28+00:00","9.5",162,162,"USD"
"579","2017-02-12T13:43:15+00:00","9.5",250,250,"USD"
"580","2017-02-11T17:58:07+00:00","9.5",199,199,"USD"
"581","2017-02-11T16:19:49+00:00","9.5",178,178,"USD"
"582","2017-02-11T08:33:32+00:00","9.5",197,197,"USD"
"583","2017-02-10T17:48:23+00:00","9.5",275,275,"USD"
"584","2017-02-10T13:47:31+00:00","9.5",250,250,"USD"
"585","2017-02-09T18:50:32+00:00","9.5",250,250,"USD"
"586","2017-02-09T13:05:00+00:00","9.5",250,250,"USD"
"587","2017-02-09T12:27:57+00:00","9.5",250,250,"USD"
"588","2017-02-09T09:47:12+00:00","9.5",184,184,"USD"
"589","2017-02-09T09:43:26+00:00","9.5",175,175,"USD"
"590","2017-02-08T22:14:46+00:00","9.5",170,170,"USD"
"591","2017-02-08T18:21:19+00:00","9.5",293,293,"USD"
"592","2017-02-08T14:15:55+00:00","9.5",250,250,"USD"
"593","2017-02-08T13:55:03+00:00","9.5",250,250,"USD"
"594","2017-02-08T11:29:27+00:00","9.5",250,250,"USD"
"595","2017-02-07T22:39:23+00:00","9.5",250,250,"USD"
"596","2017-02-07T01:55:01+00:00","9.5",189,189,"USD"
"597","2017-02-07T00:17:10+00:00","9.5",190,190,"USD"
"598","2017-02-06T08:05:43+00:00","9.5",250,250,"USD"
"599","2017-02-06T02:13:54+00:00","9.5",250,250,"USD"
"600","2017-02-04T23:00:58+00:00","9.5",196,196,"USD"
"601","2017-02-04T21:50:19+00:00","9.5",200,200,"USD"
"602","2017-02-04T14:32:18+00:00","9.5",318,318,"USD"
"603","2017-02-04T14:25:01+00:00","9.5",210,210,"USD"
"604","2017-02-04T10:53:27+00:00","9.5",205,205,"USD"
"605","2017-02-04T04:51:16+00:00","9.5",313,313,"USD"
"606","2017-02-04T03:04:07+00:00","9.5",215,215,"USD"
"607","2017-02-04T00:47:53+00:00","9.5",256,256,"USD"
"608","2017-02-03T23:10:27+00:00","9.5",211,211,"USD"
"609","2017-02-03T13:49:48+00:00","9.5",300,300,"USD"
"610","2017-02-03T04:02:12+00:00","9.5",300,300,"USD"
"611","2017-02-03T00:05:36+00:00","9.5",240,240,"USD"
"612","2017-02-01T22:43:19+00:00","9.5",325,325,"USD"
"613","2017-02-01T14:44:14+00:00","9.5",240,240,"USD"
"614","2017-02-01T10:49:05+00:00","9.5",344,344,"USD"
"615","2017-02-01T03:49:32+00:00","9.5",220,220,"USD"
"616","2017-01-31T08:38:47+00:00","9.5",344,344,"USD"
"617","2017-01-30T05:37:53+00:00","9.5",320,320,"USD"
"618","2017-01-29T01:56:05+00:00","9.5",250,250,"USD"
"619","2017-01-29T00:12:32+00:00","9.5",250,250,"USD"
"620","2017-01-27T13:22:34+00:00","9.5",350,350,"USD"
"621","2017-01-22T13:29:17+00:00","9.5",300,300,"USD"
